plcae_image_id,image,place_id
1,http://www.travelnbike.com/news/photo/201805/57815_85365_4941.jpg,1
2,https://t1.daumcdn.net/thumb/R720x0/?fname=http://t1.daumcdn.net/brunch/service/user/1jPF/image/sX7jn_xCVJbmxuGopTFMiLxgF1o.jpg,1
3,https://file2.nocutnews.co.kr/newsroom/image/2018/03/02/20180302103552512654_8_450_300.jpg,1
4,https://spnimage.edaily.co.kr/images/Photo/files/NP/S/2019/10/PS19100300004.jpg,2
5,https://spnimage.edaily.co.kr/images/Photo/files/NP/S/2019/10/PS19100300004.jpg,3
6,https://encrypted-tbn0.gstatic.com/images?q=tbn:ANd9GcQbgFYEcVEwBvPE9DkZwhmNN79ZpSoXBJ0pTg&usqp=CAU,4
7,https://file2.nocutnews.co.kr/newsroom/image/2018/03/02/20180302103552512654_8_450_300.jpg,5
8,https://encrypted-tbn0.gstatic.com/images?q=tbn:ANd9GcQbgFYEcVEwBvPE9DkZwhmNN79ZpSoXBJ0pTg&usqp=CAU,6
9,https://spnimage.edaily.co.kr/images/Photo/files/NP/S/2019/10/PS19100300004.jpg,6
10,http://www.travelnbike.com/news/photo/201805/57815_85365_4941.jpg,7
11,https://file2.nocutnews.co.kr/newsroom/image/2018/03/02/20180302103552512654_8_450_300.jpg,8
12,http://tourimage.interpark.com/BBS/Tour/FckUpload/201702/6362173572754621800.jpg,8
13,https://spnimage.edaily.co.kr/images/Photo/files/NP/S/2019/10/PS19100300004.jpg,8
14,https://file2.nocutnews.co.kr/newsroom/image/2018/03/02/20180302103552512654_8_450_300.jpg,9
15,http://tourimage.interpark.com/BBS/Tour/FckUpload/201702/6362173572754621800.jpg,9
16,https://file2.nocutnews.co.kr/newsroom/image/2018/03/02/20180302103552512654_8_450_300.jpg,9
17,http://tourimage.interpark.com/BBS/Tour/FckUpload/201702/6362173572754621800.jpg,9
18,http://tourimage.interpark.com/BBS/Tour/FckUpload/201702/6362173572754621800.jpg,9
19,https://file2.nocutnews.co.kr/newsroom/image/2018/03/02/20180302103552512654_8_450_300.jpg,10
20,https://mblogthumb-phinf.pstatic.net/MjAxNzA3MjdfMjk2/MDAxNTAxMTIxMDk3Mjg4.PpuI4-vMBtTjnkxXZaXbdj6459FocPAXp24Nc6DGr80g.Vmmg_avm0iJ3wnLADxG2wwf-RAxgvmmgcytgDWUAxg4g.PNG.caa_korea/2017-07-27_10%3B50%3B07fdgddg.PNG?type=w800,11
21,https://file2.nocutnews.co.kr/newsroom/image/2018/03/02/20180302103552512654_8_450_300.jpg,11
22,https://spnimage.edaily.co.kr/images/Photo/files/NP/S/2019/10/PS19100300004.jpg,12
23,https://mblogthumb-phinf.pstatic.net/MjAxNzA3MjdfMjk2/MDAxNTAxMTIxMDk3Mjg4.PpuI4-vMBtTjnkxXZaXbdj6459FocPAXp24Nc6DGr80g.Vmmg_avm0iJ3wnLADxG2wwf-RAxgvmmgcytgDWUAxg4g.PNG.caa_korea/2017-07-27_10%3B50%3B07fdgddg.PNG?type=w800,13
24,https://file2.nocutnews.co.kr/newsroom/image/2018/03/02/20180302103552512654_8_450_300.jpg,13
25,https://spnimage.edaily.co.kr/images/Photo/files/NP/S/2019/10/PS19100300004.jpg,13
26,https://mblogthumb-phinf.pstatic.net/MjAxNzA3MjdfMjk2/MDAxNTAxMTIxMDk3Mjg4.PpuI4-vMBtTjnkxXZaXbdj6459FocPAXp24Nc6DGr80g.Vmmg_avm0iJ3wnLADxG2wwf-RAxgvmmgcytgDWUAxg4g.PNG.caa_korea/2017-07-27_10%3B50%3B07fdgddg.PNG?type=w800,14
27,https://file2.nocutnews.co.kr/newsroom/image/2018/03/02/20180302103552512654_8_450_300.jpg,15
28,https://mblogthumb-phinf.pstatic.net/MjAxNzA3MjdfMjk2/MDAxNTAxMTIxMDk3Mjg4.PpuI4-vMBtTjnkxXZaXbdj6459FocPAXp24Nc6DGr80g.Vmmg_avm0iJ3wnLADxG2wwf-RAxgvmmgcytgDWUAxg4g.PNG.caa_korea/2017-07-27_10%3B50%3B07fdgddg.PNG?type=w800,15
